{
  "header": {
    "title": "قوانین و مقررات",
    "subTitle": "بیرگرم"
  },
  "introText": "کاربر گرامی، قوانین و مقررات پیش رو، به منزله قرارداد بین شما و شرکت سرمایه زرین ماندگار به شناسه ملی ۱۴۰۱۱۷۴۵۱۹۱ و شماره ثبت ۶۰۵۹۸۷ ؛ و تایید آن توسط شما و استفاده از خدمات سامانه بیرگرم، به معنای امضای این قرارداد است. بنابراین خواهشمندیم پیش از هرگونه استفاده از سامانه، این سند را به طور کامل و به دقت مطالعه فرمایید. تعامل در بیرگرم، منوط به موافقیت با قوانین و مقرراتی اسیت که در زیر خدمت شما به تفصیل ارائه شده است.",
  "footer": {
    "text": "تمام حقوق این سایت متعلق به شرکت سرمایه زرین ماندگار است."
  }
}
