{
  "header": {
    "title": "دریافت طلای فیزیکی از بیرگرم",
    "description": "طلا، دارایی ارزشمندی است و خرید طلای آب شده سرمایه‌گذاری سودآوری برای همه افراد محسوب می‌شود. شما به‌عنوان یک سرمایه‌گذار، می‌توانید طلای خریداری شده خود را مطابق با به‌روزترین استانداردها از بیرگرم و با ضمانت اصالت کالا و عیار دقیق دریافت کنید."
  },
  "stepsTitle": "مراحل دریافت فیزیکی طلا از بیرگرم",
  "steps": [
    {
      "icon": "/icons/1.svg",
      "title": "ثبت درخواست دریافت طلا",
      "description": "در صورتی که مایل به دریافت فیزیکی طلای خریداری شده خود هستید، درخواست دریافت طلای خود را از بخش خدمات در اپلیکیشن بیرگرم ثبت کنید."
    },
    {
      "icon": "/icons/2.svg",
      "title": "بررسی درخواست و تأیید",
      "description": "پس از ثبت درخواست، تیم ما بررسی‌های لازم را انجام داده و تأییدیه ارسال طلا را به شما اعلام خواهد کرد."
    },
    {
      "icon": "/icons/3.svg",
      "title": "تحویل طلای فیزیکی",
      "description": "پس از تایید نهایی، طلای فیزیکی شما در محل تعیین شده تحویل داده خواهد شد."
    }
  ],
  "importantNotesTitle": "نکات مهم در رابطه با تحویل طلای فیزیکی در بیرگرم",
  "importantNotes": [
    "طلای تحویلی بیرگرم، در قالب شمش طلای ۵ گرمی با نقش طرح بیرگرم ارائه می‌شود.",
    "بسته‌بندی شمش‌های طلای ۵ گرمی بیرگرم، کاملا امن و غیر قابل هک است.",
    "مقدار طلایی که قصد دریافت فیزیکی آن را دارید، باید در حساب طلای خود خریداری کرده باشید.",
    "ضرب و بسته‌بندی شمش‌های طلای ۵ گرمی، هزینه‌هایی دارد که هنگام ثبت درخواست محاسبه می‌شود.",
    "کل فرآیند دریافت طلای فیزیکی از طریق اپلیکیشن بیرگرم قابل ردیابی است.",
    "در هنگام دریافت طلا، به‌همراه داشتن کارت ملی الزامی است."
  ],
  "feeTitle": "کارمزد دریافت طلا",
  "feeDescription": "برای دریافت طلای آب شده به‌صورت فیزیکی، باید معادل سه درصد از ارزش طلا را به‌عنوان کارمزد ضرب، پک و تحویل آن پرداخت کنید.",
  "feeTable": [
    {
      "label": "هر گرم طلای آب‌شده",
      "value": "معادل ۳ درصد از وزن طلا"
    }
  ],
  "callToAction": {
    "buyButton": "خرید طلای آب شده از بیرگرم",
    "licenseButton": "مجوز های بیرگرم"
  }
}
